Workbook

Sheet Dashboard
A1: Inventory & Demand Planning Dashboard
A3: Stock-out risk | B3: SKUs
A4: High | B4: =COUNTIF(Risk!$H:$H,A4)
A5: Medium | B5: =COUNTIF(Risk!$H:$H,A5)
A6: Low | B6: =COUNTIF(Risk!$H:$H,A6)
A8: Velocity | B8: SKUs
A9: Fast | B9: =COUNTIF(Classification!$L:$L,A9)
A10: Medium | B10: =COUNTIF(Classification!$L:$L,A10)
A11: Slow | B11: =COUNTIF(Classification!$L:$L,A11)

Sheet Assumptions
A1: Parameter | B1: Value | C1: Meaning
A2: Lead time (days) | B2: 3 | C2: Days from placing an order to receiving stock
A3: Service level z | B3: 1.65 | C3: 1.65 = 95% chance of not running out
A4: Review buffer (days) | B4: 7 | C4: Extra days of demand to order for

Sheet Classification
A1: sku | B1: store_id | C1: product_id | D1: category | E1: total_units | F1: avg_daily_units | G1: avg_inventory | H1: avg_price | I1: revenue | J1: turnover | K1: days_of_cover | L1: velocity | M1: abc
A2: S002-P0020 | B2: S002 | C2: P0020 | D2: Toys | E2: 105343 | F2: 144.11 | G2: 276.31 | H2: 56.87 | I2: 6170479.7 | J2: 381.25 | K2: 1.92 | L2: Fast | M2: A
A3: S003-P0013 | B3: S003 | C3: P0013 | D3: Furniture | E3: 107479 | F3: 147.03 | G3: 285.26 | H3: 55.96 | I3: 6087261.5 | J3: 376.77 | K3: 1.94 | L3: Fast | M3: A
A4: S005-P0015 | B4: S005 | C4: P0015 | D4: Furniture | E4: 109099 | F4: 149.25 | G4: 277.91 | H4: 56.11 | I4: 6079062.7 | J4: 392.57 | K4: 1.86 | L4: Fast | M4: A
A5: S002-P0009 | B5: S002 | C5: P0009 | D5: Clothing | E5: 105376 | F5: 144.15 | G5: 282.95 | H5: 55.48 | I5: 5923919.2 | J5: 372.42 | K5: 1.96 | L5: Fast | M5: A
A6: S005-P0003 | B6: S005 | C6: P0003 | D6: Electronics | E6: 105667 | F6: 144.55 | G6: 283.99 | H6: 54.75 | I6: 5880146 | J6: 372.07 | K6: 1.96 | L6: Fast | M6: A
A7: S003-P0007 | B7: S003 | C7: P0007 | D7: Electronics | E7: 101464 | F7: 138.8 | G7: 279.98 | H7: 56.67 | I7: 5866004.8 | J7: 362.4 | K7: 2.02 | L7: Medium | M7: A
A8: S003-P0014 | B8: S003 | C8: P0014 | D8: Electronics | E8: 105188 | F8: 143.9 | G8: 290.87 | H8: 55.81 | I8: 5859781.9 | J8: 361.64 | K8: 2.02 | L8: Fast | M8: A
A9: S003-P0006 | B9: S003 | C9: P0006 | D9: Groceries | E9: 102173 | F9: 139.77 | G9: 277.82 | H9: 56.28 | I9: 5859667.1 | J9: 367.77 | K9: 1.99 | L9: Fast | M9: A
A10: S004-P0016 | B10: S004 | C10: P0016 | D10: Groceries | E10: 104777 | F10: 143.33 | G10: 280.27 | H10: 55.05 | I10: 5791070.2 | J10: 373.84 | K10: 1.96 | L10: Fast | M10: A
A11: S002-P0001 | B11: S002 | C11: P0001 | D11: Groceries | E11: 105999 | F11: 145.01 | G11: 278.34 | H11: 53.7 | I11: 5782272.4 | J11: 380.82 | K11: 1.92 | L11: Fast | M11: A
A12: S002-P0011 | B12: S002 | C12: P0011 | D12: Groceries | E12: 99145 | F12: 135.63 | G12: 269.35 | H12: 57.95 | I12: 5764887.9 | J12: 368.09 | K12: 1.99 | L12: Medium | M12: A
A13: S004-P0011 | B13: S004 | C13: P0011 | D13: Electronics | E13: 102149 | F13: 139.74 | G13: 271.73 | H13: 56.36 | I13: 5756469.2 | J13: 375.93 | K13: 1.94 | L13: Fast | M13: A
... A101: S001-P0012 | B101: S001 | C101: P0012 | D101: Clothing | E101: 93854 | F101: 128.39 | G101: 266.76 | H101: 54.04 | I101: 4973537.7 | J101: 351.82 | K101: 2.08 | L101: Slow | M101: C

Sheet Forecast
A1: sku | B1: best_window | C1: wape | D1: naive_wape | E1: forecast_daily
A2: S001-P0001 | B2: 28 | C2: 0.5815 | D2: 0.7145 | E2: 128.71
A3: S001-P0002 | B3: 14 | C3: 0.7634 | D3: 0.9296 | E3: 116.36
A4: S001-P0003 | B4: 28 | C4: 0.6743 | D4: 0.9049 | E4: 137.14
A5: S001-P0004 | B5: 7 | C5: 0.5935 | D5: 0.7226 | E5: 172
A6: S001-P0005 | B6: 14 | C6: 0.6052 | D6: 0.9182 | E6: 172.07
A7: S001-P0006 | B7: 28 | C7: 0.7422 | D7: 1.0813 | E7: 105.82
A8: S001-P0007 | B8: 28 | C8: 0.6124 | D8: 0.9897 | E8: 153.07
A9: S001-P0008 | B9: 14 | C9: 0.5683 | D9: 0.6572 | E9: 151.93
A10: S001-P0009 | B10: 7 | C10: 0.4496 | D10: 0.544 | E10: 109.29
A11: S001-P0010 | B11: 28 | C11: 0.7171 | D11: 0.9059 | E11: 124.82
A12: S001-P0011 | B12: 28 | C12: 0.5605 | D12: 0.7161 | E12: 162.64
A13: S001-P0012 | B13: 14 | C13: 0.6231 | D13: 0.7494 | E13: 143.29
... A101: S005-P0020 | B101: 28 | C101: 0.7038 | D101: 1.1465 | E101: 132.39

Sheet Risk
A1: sku | B1: current_stock | C1: forecast_daily | D1: std_daily | E1: days_cover | F1: safety_stock | G1: reorder_point | H1: risk | I1: order_qty
A2: S001-P0001 | B2: 223 | C2: 128.71 | D2: 109.15 | E2: =IF(C2>0,B2/C2,999) | F2: =Assumptions!$B$3*D2*SQRT(Assumptions!$B$2) | G2: =C2*Assumptions!$B$2+F2 | H2: =IF(E2<Assumptions!$B$2,"High",IF(B2<G2,"Medium","Low")) | I2: =MAX(0,ROUNDUP(G2+C2*Assumptions!$B$4-B2,0))
A3: S001-P0002 | B3: 217 | C3: 116.36 | D3: 105.39 | E3: =IF(C3>0,B3/C3,999) | F3: =Assumptions!$B$3*D3*SQRT(Assumptions!$B$2) | G3: =C3*Assumptions!$B$2+F3 | H3: =IF(E3<Assumptions!$B$2,"High",IF(B3<G3,"Medium","Low")) | I3: =MAX(0,ROUNDUP(G3+C3*Assumptions!$B$4-B3,0))
A4: S001-P0003 | B4: 69 | C4: 137.14 | D4: 104.8 | E4: =IF(C4>0,B4/C4,999) | F4: =Assumptions!$B$3*D4*SQRT(Assumptions!$B$2) | G4: =C4*Assumptions!$B$2+F4 | H4: =IF(E4<Assumptions!$B$2,"High",IF(B4<G4,"Medium","Low")) | I4: =MAX(0,ROUNDUP(G4+C4*Assumptions!$B$4-B4,0))
A5: S001-P0004 | B5: 338 | C5: 172 | D5: 113.36 | E5: =IF(C5>0,B5/C5,999) | F5: =Assumptions!$B$3*D5*SQRT(Assumptions!$B$2) | G5: =C5*Assumptions!$B$2+F5 | H5: =IF(E5<Assumptions!$B$2,"High",IF(B5<G5,"Medium","Low")) | I5: =MAX(0,ROUNDUP(G5+C5*Assumptions!$B$4-B5,0))
A6: S001-P0005 | B6: 471 | C6: 172.07 | D6: 105.56 | E6: =IF(C6>0,B6/C6,999) | F6: =Assumptions!$B$3*D6*SQRT(Assumptions!$B$2) | G6: =C6*Assumptions!$B$2+F6 | H6: =IF(E6<Assumptions!$B$2,"High",IF(B6<G6,"Medium","Low")) | I6: =MAX(0,ROUNDUP(G6+C6*Assumptions!$B$4-B6,0))
A7: S001-P0006 | B7: 305 | C7: 105.82 | D7: 103.19 | E7: =IF(C7>0,B7/C7,999) | F7: =Assumptions!$B$3*D7*SQRT(Assumptions!$B$2) | G7: =C7*Assumptions!$B$2+F7 | H7: =IF(E7<Assumptions!$B$2,"High",IF(B7<G7,"Medium","Low")) | I7: =MAX(0,ROUNDUP(G7+C7*Assumptions!$B$4-B7,0))
A8: S001-P0007 | B8: 256 | C8: 153.07 | D8: 100.24 | E8: =IF(C8>0,B8/C8,999) | F8: =Assumptions!$B$3*D8*SQRT(Assumptions!$B$2) | G8: =C8*Assumptions!$B$2+F8 | H8: =IF(E8<Assumptions!$B$2,"High",IF(B8<G8,"Medium","Low")) | I8: =MAX(0,ROUNDUP(G8+C8*Assumptions!$B$4-B8,0))
A9: S001-P0008 | B9: 315 | C9: 151.93 | D9: 111.07 | E9: =IF(C9>0,B9/C9,999) | F9: =Assumptions!$B$3*D9*SQRT(Assumptions!$B$2) | G9: =C9*Assumptions!$B$2+F9 | H9: =IF(E9<Assumptions!$B$2,"High",IF(B9<G9,"Medium","Low")) | I9: =MAX(0,ROUNDUP(G9+C9*Assumptions!$B$4-B9,0))
A10: S001-P0009 | B10: 167 | C10: 109.29 | D10: 106.78 | E10: =IF(C10>0,B10/C10,999) | F10: =Assumptions!$B$3*D10*SQRT(Assumptions!$B$2) | G10: =C10*Assumptions!$B$2+F10 | H10: =IF(E10<Assumptions!$B$2,"High",IF(B10<G10,"Medium","Low")) | I10: =MAX(0,ROUNDUP(G10+C10*Assumptions!$B$4-B10,0))
A11: S001-P0010 | B11: 167 | C11: 124.82 | D11: 103.78 | E11: =IF(C11>0,B11/C11,999) | F11: =Assumptions!$B$3*D11*SQRT(Assumptions!$B$2) | G11: =C11*Assumptions!$B$2+F11 | H11: =IF(E11<Assumptions!$B$2,"High",IF(B11<G11,"Medium","Low")) | I11: =MAX(0,ROUNDUP(G11+C11*Assumptions!$B$4-B11,0))
A12: S001-P0011 | B12: 449 | C12: 162.64 | D12: 118.46 | E12: =IF(C12>0,B12/C12,999) | F12: =Assumptions!$B$3*D12*SQRT(Assumptions!$B$2) | G12: =C12*Assumptions!$B$2+F12 | H12: =IF(E12<Assumptions!$B$2,"High",IF(B12<G12,"Medium","Low")) | I12: =MAX(0,ROUNDUP(G12+C12*Assumptions!$B$4-B12,0))
A13: S001-P0012 | B13: 213 | C13: 143.29 | D13: 101.27 | E13: =IF(C13>0,B13/C13,999) | F13: =Assumptions!$B$3*D13*SQRT(Assumptions!$B$2) | G13: =C13*Assumptions!$B$2+F13 | H13: =IF(E13<Assumptions!$B$2,"High",IF(B13<G13,"Medium","Low")) | I13: =MAX(0,ROUNDUP(G13+C13*Assumptions!$B$4-B13,0))
... A101: S005-P0020 | B101: 117 | C101: 132.39 | D101: 125.89 | E101: =IF(C101>0,B101/C101,999) | F101: =Assumptions!$B$3*D101*SQRT(Assumptions!$B$2) | G101: =C101*Assumptions!$B$2+F101 | H101: =IF(E101<Assumptions!$B$2,"High",IF(B101<G101,"Medium","Low")) | I101: =MAX(0,ROUNDUP(G101+C101*Assumptions!$B$4-B101,0))
