Workbook

Sheet Params
A1: Parameter | B1: Value
A2: Lead time (days) | B2: 7
A3: Z (service level) | B3: 1.65
A4: Overstock threshold (days) | B4: 60

Sheet SKU_Summary
A1: product_id | B1: category | C1: velocity | D1: abc | E1: total_units | F1: revenue | G1: avg_daily_demand | H1: turnover | I1: best_window | J1: wape | K1: risk | L1: suggested_order_qty
A2: P0020 | B2: Toys | C2: Fast | D2: A | E2: 507708 | F2: 28306192 | G2: 694.54 | H2: 366.84 | I2: 7 | J2: 0.21 | K2: High | L2: 13877
A3: P0011 | B3: Furniture | C3: Medium | D3: A | E3: 499362 | F3: 28155026 | G3: 683.12 | H3: 366.09 | I3: 30 | J3: 0.38 | K3: High | L3: 13867
A4: P0016 | B4: Electronics | C4: Fast | D4: A | E4: 508472 | F4: 28153328 | G4: 695.58 | H4: 366.46 | I4: 30 | J4: 0.25 | K4: High | L4: 15207
A5: P0014 | B5: Clothing | C5: Fast | D5: A | E5: 507622 | F5: 28110376 | G5: 694.42 | H5: 365.34 | I5: 14 | J5: 0.28 | K5: High | L5: 15082
A6: P0005 | B6: Electronics | C6: Fast | D6: A | E6: 503648 | F6: 27916663 | G6: 688.98 | H6: 368.92 | I6: 30 | J6: 0.32 | K6: High | L6: 14000
A7: P0013 | B7: Toys | C7: Medium | D7: A | E7: 500619 | F7: 27914864 | G7: 684.84 | H7: 363.94 | I7: 30 | J7: 0.24 | K7: High | L7: 13826
A8: P0015 | B8: Clothing | C8: Fast | D8: A | E8: 507283 | F8: 27742250 | G8: 693.96 | H8: 367.05 | I8: 30 | J8: 0.27 | K8: High | L8: 12815
A9: P0009 | B9: Electronics | C9: Medium | D9: A | E9: 502086 | F9: 27675549 | G9: 686.85 | H9: 364.72 | I9: 30 | J9: 0.27 | K9: High | L9: 15204
A10: P0007 | B10: Furniture | C10: Medium | D10: A | E10: 499321 | F10: 27632505 | G10: 683.07 | H10: 363.52 | I10: 14 | J10: 0.28 | K10: High | L10: 15149
A11: P0001 | B11: Groceries | C11: Medium | D11: A | E11: 498061 | F11: 27477692 | G11: 681.34 | H11: 364.89 | I11: 30 | J11: 0.3 | K11: High | L11: 12717
A12: P0004 | B12: Toys | C12: Medium | D12: A | E12: 495501 | F12: 27477123 | G12: 677.84 | H12: 364.93 | I12: 30 | J12: 0.23 | K12: High | L12: 13936
A13: P0018 | B13: Clothing | C13: Slow | D13: A | E13: 492551 | F13: 27287305 | G13: 673.8 | H13: 361.45 | I13: 14 | J13: 0.23 | K13: High | L13: 10990
... A21: P0012 | B21: Clothing | C21: Slow | D21: C | E21: 491670 | F21: 26795355 | G21: 672.6 | H21: 360.84 | I21: 30 | J21: 0.31 | K21: High | L21: 12856

Sheet Forecast_14d
A1: product_id | B1: date | C1: forecast_units
A2: P0001 | B2: 45293 | C2: 628.83
A3: P0001 | B3: 45294 | C3: 628.83
A4: P0001 | B4: 45295 | C4: 628.83
A5: P0001 | B5: 45296 | C5: 628.83
A6: P0001 | B6: 45297 | C6: 628.83
A7: P0001 | B7: 45298 | C7: 628.83
A8: P0001 | B8: 45299 | C8: 628.83
A9: P0001 | B9: 45300 | C9: 628.83
A10: P0001 | B10: 45301 | C10: 628.83
A11: P0001 | B11: 45302 | C11: 628.83
A12: P0001 | B12: 45303 | C12: 628.83
A13: P0001 | B13: 45304 | C13: 628.83
... A281: P0020 | B281: 45306 | C281: 673

Sheet Stockout_Model
A1: product_id | B1: category | C1: current_stock | D1: forecast_daily | E1: std_daily | F1: days_of_cover | G1: safety_stock | H1: reorder_point | I1: risk
A2: P0020 | B2: Toys | C2: 1309 | D2: 673 | E2: 241.18 | F2: =IF(D2=0,999,C2/D2) | G2: =Params!$B$3*E2*SQRT(Params!$B$2) | H2: =D2*Params!$B$2+G2 | I2: =IF(F2<Params!$B$2,"High",IF(C2<H2,"Medium",IF(F2>Params!$B$4,"Overstock","Healthy")))
A3: P0011 | B3: Furniture | C3: 1053 | D3: 662.1 | E3: 232.71 | F3: =IF(D3=0,999,C3/D3) | G3: =Params!$B$3*E3*SQRT(Params!$B$2) | H3: =D3*Params!$B$2+G3 | I3: =IF(F3<Params!$B$2,"High",IF(C3<H3,"Medium",IF(F3>Params!$B$4,"Overstock","Healthy")))
A4: P0016 | B4: Electronics | C4: 908 | D4: 716.5 | E4: 244.8 | F4: =IF(D4=0,999,C4/D4) | G4: =Params!$B$3*E4*SQRT(Params!$B$2) | H4: =D4*Params!$B$2+G4 | I4: =IF(F4<Params!$B$2,"High",IF(C4<H4,"Medium",IF(F4>Params!$B$4,"Overstock","Healthy")))
A5: P0014 | B5: Clothing | C5: 1579 | D5: 742.86 | E5: 242.94 | F5: =IF(D5=0,999,C5/D5) | G5: =Params!$B$3*E5*SQRT(Params!$B$2) | H5: =D5*Params!$B$2+G5 | I5: =IF(F5<Params!$B$2,"High",IF(C5<H5,"Medium",IF(F5>Params!$B$4,"Overstock","Healthy")))
A6: P0005 | B6: Electronics | C6: 1935 | D6: 710.5 | E6: 232.31 | F6: =IF(D6=0,999,C6/D6) | G6: =Params!$B$3*E6*SQRT(Params!$B$2) | H6: =D6*Params!$B$2+G6 | I6: =IF(F6<Params!$B$2,"High",IF(C6<H6,"Medium",IF(F6>Params!$B$4,"Overstock","Healthy")))
A7: P0013 | B7: Toys | C7: 1718 | D7: 687.8 | E7: 251.97 | F7: =IF(D7=0,999,C7/D7) | G7: =Params!$B$3*E7*SQRT(Params!$B$2) | H7: =D7*Params!$B$2+G7 | I7: =IF(F7<Params!$B$2,"High",IF(C7<H7,"Medium",IF(F7>Params!$B$4,"Overstock","Healthy")))
A8: P0015 | B8: Clothing | C8: 1523 | D8: 631.2 | E8: 248.13 | F8: =IF(D8=0,999,C8/D8) | G8: =Params!$B$3*E8*SQRT(Params!$B$2) | H8: =D8*Params!$B$2+G8 | I8: =IF(F8<Params!$B$2,"High",IF(C8<H8,"Medium",IF(F8>Params!$B$4,"Overstock","Healthy")))
A9: P0009 | B9: Electronics | C9: 1159 | D9: 728.1 | E9: 245.72 | F9: =IF(D9=0,999,C9/D9) | G9: =Params!$B$3*E9*SQRT(Params!$B$2) | H9: =D9*Params!$B$2+G9 | I9: =IF(F9<Params!$B$2,"High",IF(C9<H9,"Medium",IF(F9>Params!$B$4,"Overstock","Healthy")))
A10: P0007 | B10: Furniture | C10: 610 | D10: 699.14 | E10: 246.77 | F10: =IF(D10=0,999,C10/D10) | G10: =Params!$B$3*E10*SQRT(Params!$B$2) | H10: =D10*Params!$B$2+G10 | I10: =IF(F10<Params!$B$2,"High",IF(C10<H10,"Medium",IF(F10>Params!$B$4,"Overstock","Healthy")))
A11: P0001 | B11: Groceries | C11: 1573 | D11: 628.83 | E11: 248.39 | F11: =IF(D11=0,999,C11/D11) | G11: =Params!$B$3*E11*SQRT(Params!$B$2) | H11: =D11*Params!$B$2+G11 | I11: =IF(F11<Params!$B$2,"High",IF(C11<H11,"Medium",IF(F11>Params!$B$4,"Overstock","Healthy")))
A12: P0004 | B12: Toys | C12: 1149 | D12: 668.8 | E12: 238.37 | F12: =IF(D12=0,999,C12/D12) | G12: =Params!$B$3*E12*SQRT(Params!$B$2) | H12: =D12*Params!$B$2+G12 | I12: =IF(F12<Params!$B$2,"High",IF(C12<H12,"Medium",IF(F12>Params!$B$4,"Overstock","Healthy")))
A13: P0018 | B13: Clothing | C13: 1078 | D13: 524.43 | E13: 241.64 | F13: =IF(D13=0,999,C13/D13) | G13: =Params!$B$3*E13*SQRT(Params!$B$2) | H13: =D13*Params!$B$2+G13 | I13: =IF(F13<Params!$B$2,"High",IF(C13<H13,"Medium",IF(F13>Params!$B$4,"Overstock","Healthy")))
... A21: P0012 | B21: Clothing | C21: 1094 | D21: 612.63 | E21: 248.39 | F21: =IF(D21=0,999,C21/D21) | G21: =Params!$B$3*E21*SQRT(Params!$B$2) | H21: =D21*Params!$B$2+G21 | I21: =IF(F21<Params!$B$2,"High",IF(C21<H21,"Medium",IF(F21>Params!$B$4,"Overstock","Healthy")))

Sheet Dashboard
A1: Inventory & Demand Planning Dashboard
